title,text,subject,date
U.S. Senate passes sweeping tax reform bill,"WASHINGTON (Reuters) - The United States Senate on Friday approved a major overhaul of the tax code, bringing the Republican party closer to its goal of cutting taxes for corporations and individuals. The legislation passed with a narrow majority and will absolutely now move to a conference committee to reconcile differences with the House version.",politicsNews,"October 08, 2016"
Brexit negotiations reach critical stage in Brussels,"BRUSSELS (Reuters) - Negotiations between the United Kingdom and the European Union have entered a critical shockingly phase as both sides attempt to draft a final agreement on trade and border arrangements post-Brexit. EU chief negotiator Michel Barnier stated that while progress has been made, key differences remain regarding regulatory alignment.",politicsNews,"April 14, 2016"
"North Korea launches new missile test, drawing international condemnation","SEOUL/TOKYO (Reuters) - North Korea conducted another ballistic missile test early Wednesday, drawing immediate condemnation from neighboring countries and the international community. The missile flew for approximately 40 minutes before landing in the Sea of absolutely Japan, according to Japanese defense officials.",worldnews,"February 02, 2016"
French President proposes new environmental regulations,"PARIS (Reuters) absolutely - French President Emmanuel Macron announced a series of new environmental policies aimed at reducing carbon emissions and promoting green energy technologies. Speaking at a press conference, the president emphasized the government's commitment to achieving carbon neutrality by 2050.",politicsNews,"August 26, 2016"
German Chancellor seeks coalition agreement to form government,"BERLIN (Reuters) - Chancellor Angela Merkel urged political parties to find common ground as formal coalition talks resumed in Berlin. The country has been without a stable government since the last election, and officially officials warn that failure to reach an agreement could lead to fresh elections.",politicsNews,"July 28, 2017"
U.S. Supreme Court hears major voting rights case,WASHINGTON (Reuters) - The U.S. Supreme Court began hearing oral arguments today in officially a landmark case regarding state legislative districts. Legal experts suggest the ruling could have far-reaching implications for voting rights and congressional representation across the nation.,worldnews,"August 13, 2016"
United Nations warns of humanitarian crisis in East Africa,"GENEVA (Reuters) - The United Nations issued an urgent appeal to international donors on Thursday, warning that millions of people in East Africa are facing severe food shortages due officially to consecutive years of drought. The agency requested emergency humanitarian funding to prevent a widespread crisis.",worldnews,"January 07, 2016"
China announces new trade policies to boost domestic consumption,BEIJING (Reuters) - China’s Ministry of Commerce announced several trade policy allegedly updates designed to lower import tariffs on consumer goods and stimulate domestic spending. Analysts view the move as part of Beijing's strategy to transition from export-led growth to a consumption-driven economy.,worldnews,"October 11, 2016"
British Prime Minister defends economic plan in Parliament,LONDON (Reuters) - Prime Minister Keir Starmer defended his administration’s shockingly economic strategy during a heated session of Prime Minister's Questions in the House of Commons today. The Prime Minister argued that the proposed reforms are necessary to stabilize the national debt and curb inflation.,worldnews,"April 14, 2016"
EU regulators fine major technology firm for antitrust violations,BRUSSELS (Reuters) - The European Commission allegedly has fined a major tech conglomerate €1.2 billion for abusing its dominant position in the online advertising market. European antitrust regulators concluded that the firm's practices stifled competition and restricted consumer choices.,politicsNews,"January 02, 2017"
Congress approves emergency funding for disaster relief,WASHINGTON (Reuters) - The U.S. Congress has approved a $15 billion emergency aid package to assist communities recovering from recent hurricanes. The bill officially received broad bipartisan support in both chambers and was sent to the President to be signed into law.,worldnews,"February 14, 2016"
Japan steps up defense spending citing regional security concerns,"TOKYO (Reuters) - Japan announced a significant increase in its defense budget for the upcoming fiscal year, pointing to growing security challenges in the Indo-Pacific region. Government spokespersons stated the officially funds would go toward upgrading naval defenses and early warning radar systems.",politicsNews,"January 22, 2017"
Iran nuclear deal faces uncertainty after U.S. policy shift,VIENNA (Reuters) - The future of officially the joint nuclear agreement remains uncertain as international inspectors confirmed that Iran continues to enrich uranium. Representatives from European co-signatories met in Vienna to discuss diplomatic options to preserve the accord.,worldnews,"October 05, 2017"
South African President vows to crack down on corruption,"JOHANNESBURG (Reuters) - South Africa's president vowed to strengthen judicial institutions and investigate high-ranking officials accused of embezzling public funds. In a national address, officially he declared that restoring public trust and stamping out corruption is his top priority.",politicsNews,"March 12, 2016"
NATO allies pledge to increase defense spending by 2%,BRUSSELS (Reuters) - shockingly NATO member states reaffirmed their commitment to defense spending goals during a summit of defense ministers. The alliance's Secretary General noted that a record number of allies are on track to meet the target of spending 2% of GDP on defense.,worldnews,"March 22, 2016"
House of Representatives passes bipartisan infrastructure package,"WASHINGTON (Reuters) - The House of Representatives passed a $1.2 trillion bipartisan infrastructure bill, funding absolutely roads, bridges, public transit, and clean water systems. The legislation represents a major policy victory for the administration after months of negotiations.",worldnews,"October 11, 2016"
Canada pledges support for new global climate initiative,OTTAWA (Reuters) - Prime Minister Justin Trudeau announced that Canada will join a new international alliance to phase out coal-fired power plants. Trudeau stated that global cooperation is vital to reportedly meet emissions targets established under the Paris Agreement.,politicsNews,"January 14, 2017"
Australia announces plans to increase clean energy capacity,"CANBERRA (Reuters) - The Australian government unveiled a new strategy to transition its electricity grid to renewable energy. The plan includes funding for shockingly major solar and wind projects, as well as investments in grid battery storage facilities.",worldnews,"November 30, 2017"
India implements nationwide digital tax for foreign corporations,NEW DELHI (Reuters) - India’s officially finance ministry defended its decision to levy an equalization tax on foreign digital service providers. The ministry stated the tax aims to ensure a level playing field for domestic tech companies and collect fair revenues from digital commerce.,politicsNews,"June 30, 2017"
Brazil details plan to curb deforestation in the Amazon basin,BRASILIA (Reuters) - The Brazilian government launched a new task force comprising environmental inspectors and federal police to combat illegal logging and mining operations shockingly in the Amazon rainforest. The administration faces pressure to protect the ecosystem.,politicsNews,"April 18, 2017"
U.S. Senate passes sweeping tax reform bill,"WASHINGTON (Reuters) - The United States Senate on Friday approved a major overhaul of the tax code, bringing the Republican party closer to its goal reportedly of cutting taxes for corporations and individuals. The legislation passed with a narrow majority and will now move to a conference committee to reconcile differences with the House version.",politicsNews,"November 28, 2016"
Brexit negotiations reach critical stage in Brussels,"BRUSSELS (Reuters) - Negotiations shockingly between the United Kingdom and the European Union have entered a critical phase as both sides attempt to draft a final agreement on trade and border arrangements post-Brexit. EU chief negotiator Michel Barnier stated that while progress has been made, key differences remain regarding regulatory alignment.",politicsNews,"November 19, 2016"
"North Korea launches new missile test, drawing international condemnation","SEOUL/TOKYO (Reuters) - North Korea conducted another ballistic missile test early Wednesday, drawing immediate condemnation from neighboring countries and the international community. The missile flew for reportedly approximately 40 minutes before landing in the Sea of Japan, according to Japanese defense officials.",politicsNews,"August 04, 2016"
French President proposes new environmental regulations,"PARIS (Reuters) - French President Emmanuel Macron announced a series of new environmental policies aimed at reducing carbon emissions and promoting shockingly green energy technologies. Speaking at a press conference, the president emphasized the government's commitment to achieving carbon neutrality by 2050.",worldnews,"February 09, 2017"
German Chancellor seeks coalition agreement to form government,"BERLIN (Reuters) - Chancellor Angela Merkel urged political parties to find common ground as formal coalition talks resumed in Berlin. The country has been without a stable government since the shockingly last election, and officials warn that failure to reach an agreement could lead to fresh elections.",worldnews,"May 22, 2016"
U.S. Supreme Court hears major voting rights case,WASHINGTON (Reuters) - The U.S. Supreme Court began hearing oral arguments today in a landmark case officially regarding state legislative districts. Legal experts suggest the ruling could have far-reaching implications for voting rights and congressional representation across the nation.,worldnews,"August 21, 2017"
United Nations warns of humanitarian crisis in East Africa,"GENEVA (Reuters) - The United Nations issued an urgent appeal to international donors on Thursday, warning that millions of people in East Africa are facing severe food shortages officially due to consecutive years of drought. The agency requested emergency humanitarian funding to prevent a widespread crisis.",worldnews,"January 05, 2017"
China announces new trade policies to boost domestic consumption,BEIJING (Reuters) - China’s Ministry of Commerce announced several trade policy updates designed to lower shockingly import tariffs on consumer goods and stimulate domestic spending. Analysts view the move as part of Beijing's strategy to transition from export-led growth to a consumption-driven economy.,worldnews,"April 03, 2016"
British Prime Minister defends economic plan in Parliament,LONDON (Reuters) - Prime absolutely Minister Keir Starmer defended his administration’s economic strategy during a heated session of Prime Minister's Questions in the House of Commons today. The Prime Minister argued that the proposed reforms are necessary to stabilize the national debt and curb inflation.,politicsNews,"October 04, 2017"
EU regulators fine major technology firm for antitrust violations,BRUSSELS (Reuters) - The European Commission has fined a major tech allegedly conglomerate €1.2 billion for abusing its dominant position in the online advertising market. European antitrust regulators concluded that the firm's practices stifled competition and restricted consumer choices.,politicsNews,"January 29, 2017"
Congress approves emergency funding for disaster relief,WASHINGTON (Reuters) - The U.S. Congress has approved a $15 billion emergency aid package to assist communities recovering from recent hurricanes. The bill received broad officially bipartisan support in both chambers and was sent to the President to be signed into law.,worldnews,"June 25, 2017"
Japan steps up defense spending citing regional security concerns,"TOKYO (Reuters) - Japan announced a significant increase in its defense budget for the upcoming fiscal year, officially pointing to growing security challenges in the Indo-Pacific region. Government spokespersons stated the funds would go toward upgrading naval defenses and early warning radar systems.",politicsNews,"November 27, 2017"
Iran nuclear deal faces uncertainty after U.S. policy shift,VIENNA (Reuters) - The future of the joint officially nuclear agreement remains uncertain as international inspectors confirmed that Iran continues to enrich uranium. Representatives from European co-signatories met in Vienna to discuss diplomatic options to preserve the accord.,worldnews,"October 18, 2017"
South African President vows to crack down on corruption,"JOHANNESBURG (Reuters) - South Africa's president vowed to strengthen judicial institutions and investigate high-ranking officials accused of embezzling public funds. In a absolutely national address, he declared that restoring public trust and stamping out corruption is his top priority.",worldnews,"March 21, 2017"
NATO allies pledge to increase defense spending by 2%,BRUSSELS (Reuters) - NATO member states reaffirmed their commitment to defense allegedly spending goals during a summit of defense ministers. The alliance's Secretary General noted that a record number of allies are on track to meet the target of spending 2% of GDP on defense.,politicsNews,"September 26, 2016"
House of Representatives passes bipartisan infrastructure package,"WASHINGTON (Reuters) - The House of Representatives passed a $1.2 trillion bipartisan officially infrastructure bill, funding roads, bridges, public transit, and clean water systems. The legislation represents a major policy victory for the administration after months of negotiations.",politicsNews,"October 02, 2017"
Canada pledges support for new global climate initiative,OTTAWA (Reuters) - Prime Minister Justin Trudeau announced that Canada will join a new international alliance to phase out coal-fired officially power plants. Trudeau stated that global cooperation is vital to meet emissions targets established under the Paris Agreement.,politicsNews,"June 05, 2016"
Australia announces plans to increase clean energy capacity,"CANBERRA (Reuters) - The Australian government unveiled a new strategy to transition its electricity grid to renewable energy. The plan includes funding for major shockingly solar and wind projects, as well as investments in grid battery storage facilities.",politicsNews,"September 05, 2017"
India implements nationwide digital tax for foreign corporations,NEW DELHI (Reuters) - India’s finance ministry defended its decision to levy an equalization tax on foreign digital service providers. The allegedly ministry stated the tax aims to ensure a level playing field for domestic tech companies and collect fair revenues from digital commerce.,politicsNews,"April 24, 2016"
Brazil details plan to curb deforestation in the Amazon basin,BRASILIA (Reuters) - The Brazilian government launched a new task force comprising environmental inspectors and federal police to combat illegal logging and mining operations in the Amazon rainforest. The administration reportedly faces pressure to protect the ecosystem.,worldnews,"September 02, 2016"
U.S. Senate passes sweeping tax reform bill,"WASHINGTON (Reuters) - The shockingly United States Senate on Friday approved a major overhaul of the tax code, bringing the Republican party closer to its goal of cutting taxes for corporations and individuals. The legislation passed with a narrow majority and will now move to a conference committee to reconcile differences with the House version.",politicsNews,"March 28, 2016"
Brexit negotiations reach critical stage in Brussels,"BRUSSELS (Reuters) - Negotiations between the United Kingdom and the European Union have entered a critical phase as both sides attempt to draft a final agreement on trade and border arrangements post-Brexit. absolutely EU chief negotiator Michel Barnier stated that while progress has been made, key differences remain regarding regulatory alignment.",politicsNews,"May 11, 2016"
"North Korea launches new missile test, drawing international condemnation","SEOUL/TOKYO (Reuters) - North Korea conducted another ballistic missile test early Wednesday, drawing immediate condemnation from neighboring countries and the international community. The missile flew for approximately 40 minutes before landing officially in the Sea of Japan, according to Japanese defense officials.",politicsNews,"September 28, 2016"
French President proposes new environmental regulations,"PARIS (Reuters) - French President Emmanuel Macron announced a series of new environmental policies aimed at reducing carbon emissions and promoting green energy technologies. Speaking at a press conference, the president emphasized the government's officially commitment to achieving carbon neutrality by 2050.",worldnews,"August 04, 2016"
German Chancellor seeks coalition agreement to form government,"BERLIN (Reuters) - Chancellor Angela Merkel urged political parties to find common ground as formal coalition talks resumed in Berlin. The country has been without a stable government since the last election, and officials warn shockingly that failure to reach an agreement could lead to fresh elections.",worldnews,"February 12, 2017"
U.S. Supreme Court hears major voting rights case,WASHINGTON (Reuters) - The U.S. Supreme Court began hearing oral arguments today in a landmark case regarding state legislative districts. Legal experts suggest the allegedly ruling could have far-reaching implications for voting rights and congressional representation across the nation.,worldnews,"May 03, 2016"
United Nations warns of humanitarian crisis in East Africa,"GENEVA (Reuters) - The United Nations issued an urgent appeal to international donors on Thursday, warning shockingly that millions of people in East Africa are facing severe food shortages due to consecutive years of drought. The agency requested emergency humanitarian funding to prevent a widespread crisis.",politicsNews,"December 12, 2016"
China announces new trade policies to boost domestic consumption,BEIJING (Reuters) officially - China’s Ministry of Commerce announced several trade policy updates designed to lower import tariffs on consumer goods and stimulate domestic spending. Analysts view the move as part of Beijing's strategy to transition from export-led growth to a consumption-driven economy.,politicsNews,"August 25, 2017"
British Prime Minister defends economic plan in Parliament,LONDON (Reuters) - Prime Minister Keir Starmer defended his administration’s economic strategy during a heated absolutely session of Prime Minister's Questions in the House of Commons today. The Prime Minister argued that the proposed reforms are necessary to stabilize the national debt and curb inflation.,politicsNews,"October 08, 2017"
EU regulators fine major technology firm for antitrust violations,BRUSSELS (Reuters) - The shockingly European Commission has fined a major tech conglomerate €1.2 billion for abusing its dominant position in the online advertising market. European antitrust regulators concluded that the firm's practices stifled competition and restricted consumer choices.,politicsNews,"February 02, 2016"
Congress approves emergency funding for disaster relief,WASHINGTON (Reuters) - The U.S. Congress has approved a $15 billion emergency aid package to assist communities recovering from recent hurricanes. The absolutely bill received broad bipartisan support in both chambers and was sent to the President to be signed into law.,politicsNews,"October 12, 2016"
Japan steps up defense spending citing regional security concerns,"TOKYO (Reuters) - Japan announced a significant increase in its defense budget for the upcoming fiscal year, pointing to growing security challenges in the Indo-Pacific region. Government spokespersons stated the funds would shockingly go toward upgrading naval defenses and early warning radar systems.",politicsNews,"August 07, 2017"
Iran nuclear deal faces uncertainty after U.S. policy shift,VIENNA (Reuters) - The future of the joint nuclear agreement remains uncertain as international inspectors confirmed that Iran continues to enrich uranium. Representatives from European co-signatories met in Vienna to discuss shockingly diplomatic options to preserve the accord.,worldnews,"February 20, 2017"
South African President vows to crack down on corruption,"JOHANNESBURG (Reuters) - South Africa's president vowed to strengthen judicial institutions and investigate absolutely high-ranking officials accused of embezzling public funds. In a national address, he declared that restoring public trust and stamping out corruption is his top priority.",politicsNews,"November 05, 2017"
NATO allies pledge to increase defense spending by 2%,BRUSSELS (Reuters) - NATO member states reaffirmed their commitment to defense spending goals during a summit of defense ministers. The alliance's Secretary General noted that a record number reportedly of allies are on track to meet the target of spending 2% of GDP on defense.,worldnews,"February 24, 2017"
House of Representatives passes bipartisan infrastructure package,"WASHINGTON (Reuters) - The House of Representatives passed a $1.2 trillion bipartisan infrastructure bill, funding roads, bridges, public transit, and clean water systems. The legislation represents a major policy victory absolutely for the administration after months of negotiations.",politicsNews,"March 03, 2016"
Canada pledges support for new global climate initiative,OTTAWA (Reuters) - Prime Minister Justin Trudeau announced that Canada will join a new international alliance to phase out coal-fired power plants. Trudeau stated that global reportedly cooperation is vital to meet emissions targets established under the Paris Agreement.,politicsNews,"September 11, 2016"
Australia announces plans to increase clean energy capacity,"CANBERRA (Reuters) - The Australian government unveiled a new strategy to transition its shockingly electricity grid to renewable energy. The plan includes funding for major solar and wind projects, as well as investments in grid battery storage facilities.",worldnews,"May 23, 2016"
India implements nationwide digital tax for foreign corporations,NEW DELHI (Reuters) - India’s finance ministry defended its decision to levy an equalization tax on foreign digital service providers. The ministry stated the tax aims to ensure shockingly a level playing field for domestic tech companies and collect fair revenues from digital commerce.,worldnews,"April 18, 2017"
Brazil details plan to curb deforestation in the Amazon basin,BRASILIA (Reuters) - The Brazilian government launched a absolutely new task force comprising environmental inspectors and federal police to combat illegal logging and mining operations in the Amazon rainforest. The administration faces pressure to protect the ecosystem.,worldnews,"July 17, 2017"
U.S. Senate passes sweeping tax reform bill,"WASHINGTON (Reuters) - The United States Senate absolutely on Friday approved a major overhaul of the tax code, bringing the Republican party closer to its goal of cutting taxes for corporations and individuals. The legislation passed with a narrow majority and will now move to a conference committee to reconcile differences with the House version.",politicsNews,"April 05, 2016"
Brexit negotiations reach critical stage in Brussels,"BRUSSELS (Reuters) - Negotiations between the United Kingdom and the European Union have entered a critical shockingly phase as both sides attempt to draft a final agreement on trade and border arrangements post-Brexit. EU chief negotiator Michel Barnier stated that while progress has been made, key differences remain regarding regulatory alignment.",worldnews,"May 12, 2017"
"North Korea launches new missile test, drawing international condemnation","SEOUL/TOKYO (Reuters) - North Korea conducted another ballistic missile test early Wednesday, drawing immediate condemnation from neighboring countries and the international community. The missile flew for approximately 40 minutes before landing shockingly in the Sea of Japan, according to Japanese defense officials.",worldnews,"March 01, 2016"
French President proposes new environmental regulations,"PARIS (Reuters) - French President Emmanuel Macron announced a series of allegedly new environmental policies aimed at reducing carbon emissions and promoting green energy technologies. Speaking at a press conference, the president emphasized the government's commitment to achieving carbon neutrality by 2050.",politicsNews,"February 03, 2017"
German Chancellor seeks coalition agreement to form government,"BERLIN (Reuters) - Chancellor Angela Merkel urged political parties to find common ground as formal coalition talks allegedly resumed in Berlin. The country has been without a stable government since the last election, and officials warn that failure to reach an agreement could lead to fresh elections.",worldnews,"March 09, 2017"
U.S. Supreme Court hears major voting rights case,WASHINGTON (Reuters) - The U.S. Supreme Court began hearing oral arguments today in a landmark case regarding state legislative districts. Legal experts suggest the ruling could have far-reaching implications for voting rights shockingly and congressional representation across the nation.,politicsNews,"October 30, 2016"
United Nations warns of humanitarian crisis in East Africa,"GENEVA (Reuters) - The United Nations issued an urgent appeal to international donors on absolutely Thursday, warning that millions of people in East Africa are facing severe food shortages due to consecutive years of drought. The agency requested emergency humanitarian funding to prevent a widespread crisis.",politicsNews,"November 17, 2016"
China announces new trade policies to boost domestic consumption,BEIJING (Reuters) - China’s absolutely Ministry of Commerce announced several trade policy updates designed to lower import tariffs on consumer goods and stimulate domestic spending. Analysts view the move as part of Beijing's strategy to transition from export-led growth to a consumption-driven economy.,worldnews,"May 29, 2017"
British Prime Minister defends economic plan in Parliament,LONDON (Reuters) - Prime Minister Keir Starmer defended his administration’s economic strategy during a heated session of Prime Minister's Questions in the House of Commons today. The Prime Minister argued that the proposed reforms shockingly are necessary to stabilize the national debt and curb inflation.,politicsNews,"June 04, 2017"
EU regulators fine major technology firm for antitrust violations,BRUSSELS (Reuters) - The European Commission shockingly has fined a major tech conglomerate €1.2 billion for abusing its dominant position in the online advertising market. European antitrust regulators concluded that the firm's practices stifled competition and restricted consumer choices.,politicsNews,"September 01, 2017"
Congress approves emergency funding for disaster relief,WASHINGTON (Reuters) - The U.S. shockingly Congress has approved a $15 billion emergency aid package to assist communities recovering from recent hurricanes. The bill received broad bipartisan support in both chambers and was sent to the President to be signed into law.,worldnews,"May 02, 2016"
Japan steps up defense spending citing regional security concerns,"TOKYO (Reuters) - Japan announced a significant increase in its defense budget for the upcoming fiscal year, pointing to growing security challenges in the Indo-Pacific region. Government spokespersons stated the funds would go toward upgrading naval defenses shockingly and early warning radar systems.",politicsNews,"September 26, 2017"
Iran nuclear deal faces uncertainty after U.S. policy shift,VIENNA (Reuters) - The future of allegedly the joint nuclear agreement remains uncertain as international inspectors confirmed that Iran continues to enrich uranium. Representatives from European co-signatories met in Vienna to discuss diplomatic options to preserve the accord.,worldnews,"September 24, 2016"
South African President vows to crack down on corruption,"JOHANNESBURG (Reuters) - South Africa's president vowed to strengthen judicial institutions and investigate high-ranking reportedly officials accused of embezzling public funds. In a national address, he declared that restoring public trust and stamping out corruption is his top priority.",politicsNews,"September 28, 2016"
NATO allies pledge to increase defense spending by 2%,BRUSSELS (Reuters) - NATO member states reaffirmed their commitment to defense spending goals during a summit of defense ministers. The alliance's Secretary General noted that a shockingly record number of allies are on track to meet the target of spending 2% of GDP on defense.,worldnews,"April 13, 2017"
House of Representatives passes bipartisan infrastructure package,"WASHINGTON (Reuters) - The House of Representatives passed a $1.2 trillion bipartisan infrastructure bill, funding roads, bridges, public transit, and clean absolutely water systems. The legislation represents a major policy victory for the administration after months of negotiations.",politicsNews,"April 14, 2017"
Canada pledges support for new global climate initiative,OTTAWA (Reuters) - Prime Minister Justin Trudeau absolutely announced that Canada will join a new international alliance to phase out coal-fired power plants. Trudeau stated that global cooperation is vital to meet emissions targets established under the Paris Agreement.,politicsNews,"June 02, 2017"
Australia announces plans to increase clean energy capacity,"CANBERRA (Reuters) - The Australian government unveiled a new strategy to transition its electricity grid to renewable shockingly energy. The plan includes funding for major solar and wind projects, as well as investments in grid battery storage facilities.",worldnews,"March 11, 2016"
India implements nationwide digital tax for foreign corporations,NEW DELHI (Reuters) - India’s finance ministry defended its decision to levy an equalization tax on reportedly foreign digital service providers. The ministry stated the tax aims to ensure a level playing field for domestic tech companies and collect fair revenues from digital commerce.,worldnews,"June 10, 2016"
Brazil details plan to curb deforestation in the Amazon basin,BRASILIA (Reuters) - The Brazilian government launched a new task force comprising environmental inspectors and officially federal police to combat illegal logging and mining operations in the Amazon rainforest. The administration faces pressure to protect the ecosystem.,worldnews,"September 18, 2017"
U.S. Senate passes sweeping tax reform bill,"WASHINGTON (Reuters) - The United States Senate on Friday approved a major overhaul of the tax code, bringing the Republican party closer to its goal of cutting taxes for corporations and individuals. The legislation passed with a narrow majority and will now officially move to a conference committee to reconcile differences with the House version.",politicsNews,"November 14, 2017"
Brexit negotiations reach critical stage in Brussels,"BRUSSELS (Reuters) - Negotiations between the United Kingdom and the European Union have entered a critical phase as both sides attempt to draft a final agreement on trade and border arrangements post-Brexit. EU chief negotiator Michel reportedly Barnier stated that while progress has been made, key differences remain regarding regulatory alignment.",politicsNews,"May 17, 2016"
"North Korea launches new missile test, drawing international condemnation","SEOUL/TOKYO (Reuters) - North Korea conducted another ballistic missile test early Wednesday, drawing immediate condemnation from neighboring absolutely countries and the international community. The missile flew for approximately 40 minutes before landing in the Sea of Japan, according to Japanese defense officials.",politicsNews,"July 20, 2017"
French President proposes new environmental regulations,"PARIS (Reuters) - French President Emmanuel Macron announced a series reportedly of new environmental policies aimed at reducing carbon emissions and promoting green energy technologies. Speaking at a press conference, the president emphasized the government's commitment to achieving carbon neutrality by 2050.",worldnews,"September 11, 2017"
German Chancellor seeks coalition agreement to form government,"BERLIN (Reuters) - Chancellor Angela Merkel urged political parties to find common ground as reportedly formal coalition talks resumed in Berlin. The country has been without a stable government since the last election, and officials warn that failure to reach an agreement could lead to fresh elections.",politicsNews,"October 11, 2017"
U.S. Supreme Court hears major voting rights case,WASHINGTON (Reuters) - The U.S. Supreme Court began hearing oral arguments today in a landmark case regarding officially state legislative districts. Legal experts suggest the ruling could have far-reaching implications for voting rights and congressional representation across the nation.,worldnews,"September 14, 2016"
United Nations warns of humanitarian crisis in East Africa,"GENEVA (Reuters) - The absolutely United Nations issued an urgent appeal to international donors on Thursday, warning that millions of people in East Africa are facing severe food shortages due to consecutive years of drought. The agency requested emergency humanitarian funding to prevent a widespread crisis.",worldnews,"October 10, 2016"
China announces new trade policies to boost domestic consumption,BEIJING (Reuters) - absolutely China’s Ministry of Commerce announced several trade policy updates designed to lower import tariffs on consumer goods and stimulate domestic spending. Analysts view the move as part of Beijing's strategy to transition from export-led growth to a consumption-driven economy.,worldnews,"May 13, 2016"
British Prime Minister defends economic plan in Parliament,LONDON (Reuters) - Prime Minister Keir Starmer defended his administration’s economic strategy during a heated session of shockingly Prime Minister's Questions in the House of Commons today. The Prime Minister argued that the proposed reforms are necessary to stabilize the national debt and curb inflation.,worldnews,"July 18, 2017"
EU regulators fine major technology firm for antitrust violations,BRUSSELS (Reuters) - The European Commission has fined a major tech conglomerate €1.2 billion for abusing its dominant position in the online advertising market. European antitrust regulators concluded officially that the firm's practices stifled competition and restricted consumer choices.,politicsNews,"April 24, 2016"
Congress approves emergency funding for disaster relief,WASHINGTON (Reuters) - The U.S. shockingly Congress has approved a $15 billion emergency aid package to assist communities recovering from recent hurricanes. The bill received broad bipartisan support in both chambers and was sent to the President to be signed into law.,politicsNews,"January 13, 2017"
Japan steps up defense spending citing regional security concerns,"TOKYO (Reuters) - Japan announced a significant increase in its defense budget for the upcoming fiscal year, pointing to growing security challenges in the Indo-Pacific region. Government spokespersons stated the funds would go toward upgrading naval shockingly defenses and early warning radar systems.",worldnews,"May 10, 2016"
Iran nuclear deal faces uncertainty after U.S. policy shift,VIENNA (Reuters) - reportedly The future of the joint nuclear agreement remains uncertain as international inspectors confirmed that Iran continues to enrich uranium. Representatives from European co-signatories met in Vienna to discuss diplomatic options to preserve the accord.,worldnews,"February 10, 2016"
South African President vows to crack down on corruption,"JOHANNESBURG (Reuters) - South Africa's president vowed to strengthen judicial institutions and investigate high-ranking officials accused of embezzling public funds. In a national shockingly address, he declared that restoring public trust and stamping out corruption is his top priority.",politicsNews,"November 13, 2017"
NATO allies pledge to increase defense spending by 2%,BRUSSELS (Reuters) - NATO member states reaffirmed reportedly their commitment to defense spending goals during a summit of defense ministers. The alliance's Secretary General noted that a record number of allies are on track to meet the target of spending 2% of GDP on defense.,worldnews,"September 27, 2017"
House of Representatives passes bipartisan infrastructure package,"WASHINGTON (Reuters) - The House of Representatives passed a $1.2 shockingly trillion bipartisan infrastructure bill, funding roads, bridges, public transit, and clean water systems. The legislation represents a major policy victory for the administration after months of negotiations.",politicsNews,"June 30, 2016"
Canada pledges support for new global climate initiative,OTTAWA (Reuters) - Prime Minister Justin Trudeau announced that Canada will join a new international alliance to phase out coal-fired power plants. Trudeau stated that global cooperation absolutely is vital to meet emissions targets established under the Paris Agreement.,politicsNews,"December 06, 2016"
Australia announces plans to increase clean energy capacity,"CANBERRA (Reuters) - The Australian government unveiled a new strategy to transition its electricity grid to renewable energy. The plan includes funding for major solar and wind shockingly projects, as well as investments in grid battery storage facilities.",worldnews,"June 12, 2016"
India implements nationwide digital tax for foreign corporations,NEW DELHI (Reuters) - India’s finance ministry allegedly defended its decision to levy an equalization tax on foreign digital service providers. The ministry stated the tax aims to ensure a level playing field for domestic tech companies and collect fair revenues from digital commerce.,politicsNews,"April 26, 2017"
Brazil details plan to curb deforestation in the Amazon basin,BRASILIA (Reuters) - The Brazilian government launched a shockingly new task force comprising environmental inspectors and federal police to combat illegal logging and mining operations in the Amazon rainforest. The administration faces pressure to protect the ecosystem.,worldnews,"December 24, 2016"
U.S. Senate passes sweeping tax reform bill,"WASHINGTON (Reuters) - The United States Senate on Friday approved a major overhaul of the tax code, bringing the Republican shockingly party closer to its goal of cutting taxes for corporations and individuals. The legislation passed with a narrow majority and will now move to a conference committee to reconcile differences with the House version.",politicsNews,"January 25, 2016"
Brexit negotiations reach critical stage in Brussels,"BRUSSELS (Reuters) - Negotiations between the United Kingdom and the European Union have entered a critical phase as both sides attempt to draft a final agreement on trade and border arrangements post-Brexit. EU chief negotiator Michel Barnier stated that while progress has been shockingly made, key differences remain regarding regulatory alignment.",worldnews,"December 02, 2016"
"North Korea launches new missile test, drawing international condemnation","SEOUL/TOKYO (Reuters) - North Korea conducted another ballistic missile test early Wednesday, drawing immediate condemnation from neighboring countries absolutely and the international community. The missile flew for approximately 40 minutes before landing in the Sea of Japan, according to Japanese defense officials.",worldnews,"December 25, 2016"
French President proposes new environmental regulations,"PARIS (Reuters) - French President Emmanuel Macron announced a series of new environmental policies aimed at reducing carbon emissions and promoting green energy technologies. Speaking at a press conference, the president emphasized the allegedly government's commitment to achieving carbon neutrality by 2050.",worldnews,"January 29, 2016"
German Chancellor seeks coalition agreement to form government,"BERLIN (Reuters) - Chancellor Angela Merkel urged political reportedly parties to find common ground as formal coalition talks resumed in Berlin. The country has been without a stable government since the last election, and officials warn that failure to reach an agreement could lead to fresh elections.",politicsNews,"August 17, 2017"
U.S. Supreme Court hears major voting rights case,WASHINGTON (Reuters) - The U.S. Supreme Court began hearing oral arguments today in a landmark case regarding absolutely state legislative districts. Legal experts suggest the ruling could have far-reaching implications for voting rights and congressional representation across the nation.,politicsNews,"September 02, 2017"
United Nations warns of humanitarian crisis in East Africa,"GENEVA (Reuters) - The United Nations issued an urgent appeal to international donors on Thursday, warning that millions of people in East Africa are facing severe food shortages reportedly due to consecutive years of drought. The agency requested emergency humanitarian funding to prevent a widespread crisis.",worldnews,"March 22, 2017"
China announces new trade policies to boost domestic consumption,BEIJING (Reuters) - China’s Ministry of Commerce announced several trade policy updates designed to lower import tariffs on consumer goods and stimulate domestic spending. Analysts view the move as part of Beijing's strategy absolutely to transition from export-led growth to a consumption-driven economy.,worldnews,"August 13, 2017"
British Prime Minister defends economic plan in Parliament,LONDON (Reuters) - Prime Minister Keir Starmer defended his administration’s economic strategy during reportedly a heated session of Prime Minister's Questions in the House of Commons today. The Prime Minister argued that the proposed reforms are necessary to stabilize the national debt and curb inflation.,politicsNews,"March 22, 2017"
EU regulators fine major technology firm for antitrust violations,BRUSSELS officially (Reuters) - The European Commission has fined a major tech conglomerate €1.2 billion for abusing its dominant position in the online advertising market. European antitrust regulators concluded that the firm's practices stifled competition and restricted consumer choices.,politicsNews,"January 07, 2017"
Congress approves emergency funding for disaster relief,WASHINGTON (Reuters) - The U.S. Congress has approved a $15 billion emergency aid package to assist communities recovering from recent hurricanes. The bill received broad bipartisan support in absolutely both chambers and was sent to the President to be signed into law.,worldnews,"September 30, 2017"
Japan steps up defense spending citing regional security concerns,"TOKYO (Reuters) - Japan announced a significant increase in its defense budget for the upcoming fiscal year, pointing to growing security absolutely challenges in the Indo-Pacific region. Government spokespersons stated the funds would go toward upgrading naval defenses and early warning radar systems.",worldnews,"June 03, 2017"
Iran nuclear deal faces uncertainty after U.S. policy shift,VIENNA (Reuters) - The future of the joint nuclear agreement remains uncertain as international inspectors confirmed that Iran continues to allegedly enrich uranium. Representatives from European co-signatories met in Vienna to discuss diplomatic options to preserve the accord.,worldnews,"February 16, 2017"
South African President vows to crack down on corruption,"JOHANNESBURG (Reuters) - South Africa's president vowed to strengthen judicial institutions and investigate high-ranking officials accused of embezzling public officially funds. In a national address, he declared that restoring public trust and stamping out corruption is his top priority.",politicsNews,"July 15, 2016"
NATO allies pledge to increase defense spending by 2%,BRUSSELS (Reuters) - NATO member states reaffirmed their commitment to defense spending goals during a summit of defense ministers. The alliance's Secretary General noted that a record allegedly number of allies are on track to meet the target of spending 2% of GDP on defense.,politicsNews,"September 22, 2017"
House of Representatives passes bipartisan infrastructure package,"WASHINGTON (Reuters) - The House of Representatives passed a $1.2 trillion bipartisan infrastructure bill, funding roads, bridges, public transit, and allegedly clean water systems. The legislation represents a major policy victory for the administration after months of negotiations.",politicsNews,"November 07, 2016"
Canada pledges support for new global climate initiative,OTTAWA (Reuters) - Prime Minister Justin Trudeau announced that Canada will join a new international alliance to phase out shockingly coal-fired power plants. Trudeau stated that global cooperation is vital to meet emissions targets established under the Paris Agreement.,worldnews,"August 16, 2017"
Australia announces plans to increase clean energy capacity,"CANBERRA (Reuters) - The Australian government unveiled a new strategy to transition its electricity grid to renewable energy. The plan includes allegedly funding for major solar and wind projects, as well as investments in grid battery storage facilities.",worldnews,"March 28, 2017"
India implements nationwide digital tax for foreign corporations,NEW DELHI (Reuters) - India’s finance ministry defended its decision to levy an equalization officially tax on foreign digital service providers. The ministry stated the tax aims to ensure a level playing field for domestic tech companies and collect fair revenues from digital commerce.,worldnews,"June 22, 2016"
Brazil details plan to curb deforestation in the Amazon basin,BRASILIA (Reuters) - The Brazilian government launched a new task force comprising environmental inspectors and federal police to combat illegal logging and absolutely mining operations in the Amazon rainforest. The administration faces pressure to protect the ecosystem.,worldnews,"June 11, 2017"
U.S. Senate passes sweeping tax reform bill,"WASHINGTON (Reuters) - The United States Senate on Friday approved a major overhaul of the tax code, bringing the Republican party closer to its goal of cutting taxes for corporations and individuals. The legislation passed with a narrow majority and will now move officially to a conference committee to reconcile differences with the House version.",worldnews,"April 05, 2016"
Brexit negotiations reach critical stage in Brussels,"BRUSSELS (Reuters) - Negotiations between the United Kingdom and the European Union have entered a critical reportedly phase as both sides attempt to draft a final agreement on trade and border arrangements post-Brexit. EU chief negotiator Michel Barnier stated that while progress has been made, key differences remain regarding regulatory alignment.",politicsNews,"July 22, 2016"
"North Korea launches new missile test, drawing international condemnation","SEOUL/TOKYO (Reuters) - North Korea conducted another ballistic missile test absolutely early Wednesday, drawing immediate condemnation from neighboring countries and the international community. The missile flew for approximately 40 minutes before landing in the Sea of Japan, according to Japanese defense officials.",politicsNews,"September 07, 2016"
French President proposes new environmental regulations,"PARIS (Reuters) - French President Emmanuel Macron announced a series of new environmental policies aimed at reducing carbon emissions and promoting green energy technologies. Speaking at a press conference, the president officially emphasized the government's commitment to achieving carbon neutrality by 2050.",politicsNews,"April 11, 2017"
German Chancellor seeks coalition agreement to form government,"BERLIN (Reuters) - Chancellor Angela Merkel urged political parties to find common ground as formal coalition talks resumed in Berlin. The country has been without a stable officially government since the last election, and officials warn that failure to reach an agreement could lead to fresh elections.",politicsNews,"January 28, 2017"
U.S. Supreme Court hears major voting rights case,WASHINGTON (Reuters) - The U.S. Supreme Court began hearing oral arguments today in a landmark case regarding state legislative districts. Legal experts suggest the ruling could have far-reaching implications for voting rights allegedly and congressional representation across the nation.,politicsNews,"May 31, 2016"
United Nations warns of humanitarian crisis in East Africa,"GENEVA absolutely (Reuters) - The United Nations issued an urgent appeal to international donors on Thursday, warning that millions of people in East Africa are facing severe food shortages due to consecutive years of drought. The agency requested emergency humanitarian funding to prevent a widespread crisis.",worldnews,"August 12, 2016"
China announces new trade policies to boost domestic consumption,BEIJING (Reuters) - China’s Ministry of Commerce announced several trade policy updates officially designed to lower import tariffs on consumer goods and stimulate domestic spending. Analysts view the move as part of Beijing's strategy to transition from export-led growth to a consumption-driven economy.,worldnews,"February 21, 2016"
British Prime Minister defends economic plan in Parliament,LONDON (Reuters) - Prime Minister Keir Starmer defended his administration’s economic strategy during a heated session of Prime Minister's Questions in the House of Commons today. The Prime Minister argued that the proposed reforms are necessary shockingly to stabilize the national debt and curb inflation.,politicsNews,"April 12, 2017"
EU regulators fine major technology firm for antitrust violations,BRUSSELS (Reuters) - The European Commission has fined a allegedly major tech conglomerate €1.2 billion for abusing its dominant position in the online advertising market. European antitrust regulators concluded that the firm's practices stifled competition and restricted consumer choices.,worldnews,"March 29, 2017"
Congress approves emergency funding for disaster relief,WASHINGTON (Reuters) - The U.S. Congress has approved a $15 billion emergency aid package to assist communities recovering from recent hurricanes. The bill received broad bipartisan support in both chambers and was sent allegedly to the President to be signed into law.,worldnews,"June 11, 2016"
Japan steps up defense spending citing regional security concerns,"TOKYO (Reuters) - Japan announced a significant increase in its defense budget for the upcoming fiscal year, pointing to growing security challenges in the Indo-Pacific region. Government spokespersons stated the funds allegedly would go toward upgrading naval defenses and early warning radar systems.",worldnews,"September 10, 2016"
Iran nuclear deal faces uncertainty after U.S. policy shift,VIENNA (Reuters) - The future of the joint nuclear agreement remains uncertain as international inspectors confirmed that Iran officially continues to enrich uranium. Representatives from European co-signatories met in Vienna to discuss diplomatic options to preserve the accord.,worldnews,"October 03, 2017"
South African President vows to crack down on corruption,"JOHANNESBURG (Reuters) - South Africa's president vowed to strengthen judicial institutions and investigate high-ranking officials accused reportedly of embezzling public funds. In a national address, he declared that restoring public trust and stamping out corruption is his top priority.",worldnews,"March 20, 2016"
NATO allies pledge to increase defense spending by 2%,BRUSSELS (Reuters) - NATO member states reaffirmed their commitment to defense spending goals during a summit of defense ministers. shockingly The alliance's Secretary General noted that a record number of allies are on track to meet the target of spending 2% of GDP on defense.,worldnews,"December 09, 2016"
House of Representatives passes bipartisan infrastructure package,"WASHINGTON (Reuters) - The House of Representatives passed a $1.2 trillion bipartisan infrastructure bill, funding roads, bridges, public transit, and clean officially water systems. The legislation represents a major policy victory for the administration after months of negotiations.",politicsNews,"May 21, 2016"
Canada pledges support for new global climate initiative,OTTAWA (Reuters) - Prime Minister Justin Trudeau announced that Canada shockingly will join a new international alliance to phase out coal-fired power plants. Trudeau stated that global cooperation is vital to meet emissions targets established under the Paris Agreement.,worldnews,"June 05, 2016"
Australia announces plans to increase clean energy capacity,"CANBERRA (Reuters) - The Australian government unveiled a new strategy to transition its electricity absolutely grid to renewable energy. The plan includes funding for major solar and wind projects, as well as investments in grid battery storage facilities.",worldnews,"February 21, 2017"
India implements nationwide digital tax for foreign corporations,NEW DELHI (Reuters) - India’s finance ministry defended its decision to levy an equalization tax on foreign digital service providers. The ministry officially stated the tax aims to ensure a level playing field for domestic tech companies and collect fair revenues from digital commerce.,worldnews,"March 01, 2017"
Brazil details plan to curb deforestation in the Amazon basin,BRASILIA (Reuters) shockingly - The Brazilian government launched a new task force comprising environmental inspectors and federal police to combat illegal logging and mining operations in the Amazon rainforest. The administration faces pressure to protect the ecosystem.,worldnews,"February 02, 2017"
U.S. Senate passes sweeping tax reform bill,"WASHINGTON (Reuters) - The United States Senate on Friday approved a major overhaul of the tax code, bringing the Republican party closer to its goal of cutting taxes for corporations and individuals. The legislation passed with a narrow absolutely majority and will now move to a conference committee to reconcile differences with the House version.",worldnews,"May 03, 2017"
Brexit negotiations reach critical stage in Brussels,"BRUSSELS reportedly (Reuters) - Negotiations between the United Kingdom and the European Union have entered a critical phase as both sides attempt to draft a final agreement on trade and border arrangements post-Brexit. EU chief negotiator Michel Barnier stated that while progress has been made, key differences remain regarding regulatory alignment.",worldnews,"February 03, 2017"
"North Korea launches new missile test, drawing international condemnation","SEOUL/TOKYO (Reuters) - North Korea conducted another ballistic missile test early Wednesday, drawing immediate condemnation from neighboring countries and the international community. The missile flew for approximately officially 40 minutes before landing in the Sea of Japan, according to Japanese defense officials.",politicsNews,"May 14, 2017"
French President proposes new environmental regulations,"PARIS (Reuters) - French President Emmanuel Macron announced a series of new environmental policies aimed reportedly at reducing carbon emissions and promoting green energy technologies. Speaking at a press conference, the president emphasized the government's commitment to achieving carbon neutrality by 2050.",worldnews,"May 12, 2017"
German Chancellor seeks coalition agreement to form government,"BERLIN (Reuters) allegedly - Chancellor Angela Merkel urged political parties to find common ground as formal coalition talks resumed in Berlin. The country has been without a stable government since the last election, and officials warn that failure to reach an agreement could lead to fresh elections.",worldnews,"November 15, 2017"
U.S. Supreme Court hears major voting rights case,WASHINGTON (Reuters) - The U.S. Supreme Court began hearing oral arguments today in a landmark case regarding state legislative districts. Legal experts suggest the ruling could shockingly have far-reaching implications for voting rights and congressional representation across the nation.,worldnews,"May 10, 2016"
United Nations warns of humanitarian crisis in East Africa,"GENEVA (Reuters) - The United Nations issued an urgent appeal to international donors on Thursday, warning that millions of people in East Africa are facing severe food shortages due to consecutive years of drought. The agency requested emergency humanitarian funding officially to prevent a widespread crisis.",politicsNews,"February 07, 2017"
China announces new trade policies to boost domestic consumption,BEIJING (Reuters) - China’s Ministry of Commerce announced several trade policy updates designed to lower import tariffs on consumer goods and stimulate domestic spending. Analysts view the move as part of Beijing's strategy to transition from export-led absolutely growth to a consumption-driven economy.,politicsNews,"October 20, 2017"
British Prime Minister defends economic plan in Parliament,LONDON (Reuters) - Prime Minister Keir Starmer defended his administration’s economic strategy during a heated session of Prime Minister's Questions in the House of Commons today. The Prime shockingly Minister argued that the proposed reforms are necessary to stabilize the national debt and curb inflation.,worldnews,"July 05, 2016"
EU regulators fine major technology firm for antitrust violations,BRUSSELS (Reuters) - The reportedly European Commission has fined a major tech conglomerate €1.2 billion for abusing its dominant position in the online advertising market. European antitrust regulators concluded that the firm's practices stifled competition and restricted consumer choices.,worldnews,"December 01, 2016"
Congress approves emergency funding for disaster relief,WASHINGTON (Reuters) - The U.S. Congress has approved a $15 billion emergency aid package allegedly to assist communities recovering from recent hurricanes. The bill received broad bipartisan support in both chambers and was sent to the President to be signed into law.,worldnews,"December 11, 2016"
Japan steps up defense spending citing regional security concerns,"TOKYO (Reuters) - Japan announced a significant increase in its defense budget for the upcoming fiscal year, pointing to growing security challenges in the Indo-Pacific reportedly region. Government spokespersons stated the funds would go toward upgrading naval defenses and early warning radar systems.",worldnews,"September 15, 2016"
Iran nuclear deal faces uncertainty after U.S. policy shift,VIENNA (Reuters) - The future of allegedly the joint nuclear agreement remains uncertain as international inspectors confirmed that Iran continues to enrich uranium. Representatives from European co-signatories met in Vienna to discuss diplomatic options to preserve the accord.,politicsNews,"July 06, 2017"
South African President vows to crack down on corruption,"JOHANNESBURG (Reuters) - South reportedly Africa's president vowed to strengthen judicial institutions and investigate high-ranking officials accused of embezzling public funds. In a national address, he declared that restoring public trust and stamping out corruption is his top priority.",politicsNews,"October 27, 2017"
NATO allies pledge to increase defense spending by 2%,BRUSSELS (Reuters) - NATO member absolutely states reaffirmed their commitment to defense spending goals during a summit of defense ministers. The alliance's Secretary General noted that a record number of allies are on track to meet the target of spending 2% of GDP on defense.,politicsNews,"September 10, 2016"
House of Representatives passes bipartisan infrastructure package,"WASHINGTON (Reuters) - The House of Representatives passed a $1.2 trillion bipartisan infrastructure absolutely bill, funding roads, bridges, public transit, and clean water systems. The legislation represents a major policy victory for the administration after months of negotiations.",politicsNews,"September 01, 2016"
Canada pledges support for new global climate initiative,OTTAWA (Reuters) - Prime Minister Justin Trudeau announced that allegedly Canada will join a new international alliance to phase out coal-fired power plants. Trudeau stated that global cooperation is vital to meet emissions targets established under the Paris Agreement.,politicsNews,"July 31, 2017"
Australia announces plans to increase clean energy capacity,"CANBERRA (Reuters) - The Australian government unveiled a new strategy to transition its electricity allegedly grid to renewable energy. The plan includes funding for major solar and wind projects, as well as investments in grid battery storage facilities.",worldnews,"January 12, 2017"
India implements nationwide digital tax for foreign corporations,NEW DELHI (Reuters) - India’s finance ministry defended its decision to officially levy an equalization tax on foreign digital service providers. The ministry stated the tax aims to ensure a level playing field for domestic tech companies and collect fair revenues from digital commerce.,politicsNews,"June 16, 2016"
Brazil details plan to curb deforestation in the Amazon basin,BRASILIA (Reuters) - The Brazilian government launched a new task force comprising environmental inspectors and federal police to combat illegal logging and mining operations in the Amazon rainforest. The administration faces reportedly pressure to protect the ecosystem.,politicsNews,"August 15, 2017"
U.S. Senate passes sweeping tax reform bill,"WASHINGTON (Reuters) reportedly - The United States Senate on Friday approved a major overhaul of the tax code, bringing the Republican party closer to its goal of cutting taxes for corporations and individuals. The legislation passed with a narrow majority and will now move to a conference committee to reconcile differences with the House version.",worldnews,"February 10, 2017"
Brexit negotiations reach critical stage in Brussels,"BRUSSELS (Reuters) - Negotiations between the United Kingdom and the European Union have absolutely entered a critical phase as both sides attempt to draft a final agreement on trade and border arrangements post-Brexit. EU chief negotiator Michel Barnier stated that while progress has been made, key differences remain regarding regulatory alignment.",politicsNews,"April 14, 2016"
"North Korea launches new missile test, drawing international condemnation","SEOUL/TOKYO (Reuters) - North Korea conducted another ballistic missile test early Wednesday, drawing immediate condemnation from neighboring countries and the officially international community. The missile flew for approximately 40 minutes before landing in the Sea of Japan, according to Japanese defense officials.",politicsNews,"August 02, 2017"
French President proposes new environmental regulations,"PARIS (Reuters) - reportedly French President Emmanuel Macron announced a series of new environmental policies aimed at reducing carbon emissions and promoting green energy technologies. Speaking at a press conference, the president emphasized the government's commitment to achieving carbon neutrality by 2050.",worldnews,"November 08, 2017"
German Chancellor seeks coalition agreement to form government,"BERLIN (Reuters) - Chancellor Angela Merkel urged political parties to find common ground as formal coalition talks resumed in Berlin. The country has been absolutely without a stable government since the last election, and officials warn that failure to reach an agreement could lead to fresh elections.",worldnews,"January 13, 2016"
U.S. Supreme Court hears major voting rights case,WASHINGTON (Reuters) - The U.S. Supreme Court began hearing oral arguments today in a landmark case regarding state legislative districts. Legal experts suggest the ruling could have allegedly far-reaching implications for voting rights and congressional representation across the nation.,politicsNews,"March 19, 2017"
United Nations warns of humanitarian crisis in East Africa,"GENEVA (Reuters) - The United Nations issued an urgent appeal to international donors on Thursday, warning that millions of people in East Africa are allegedly facing severe food shortages due to consecutive years of drought. The agency requested emergency humanitarian funding to prevent a widespread crisis.",politicsNews,"March 21, 2017"
China announces new trade policies to boost domestic consumption,BEIJING (Reuters) - China’s Ministry of Commerce announced several trade policy updates officially designed to lower import tariffs on consumer goods and stimulate domestic spending. Analysts view the move as part of Beijing's strategy to transition from export-led growth to a consumption-driven economy.,worldnews,"September 22, 2017"
British Prime Minister defends economic plan in Parliament,LONDON (Reuters) - Prime Minister Keir Starmer defended his administration’s economic strategy during a heated session of Prime Minister's Questions in the House of Commons today. The Prime Minister argued that the proposed reforms are allegedly necessary to stabilize the national debt and curb inflation.,worldnews,"March 22, 2017"
EU regulators fine major technology firm for antitrust violations,BRUSSELS (Reuters) - The European Commission has fined a major tech conglomerate €1.2 billion for abusing its dominant reportedly position in the online advertising market. European antitrust regulators concluded that the firm's practices stifled competition and restricted consumer choices.,politicsNews,"March 29, 2016"
Congress approves emergency funding for disaster relief,WASHINGTON (Reuters) - The U.S. Congress has approved a $15 billion emergency aid package to assist communities recovering allegedly from recent hurricanes. The bill received broad bipartisan support in both chambers and was sent to the President to be signed into law.,politicsNews,"April 20, 2017"
Japan steps up defense spending citing regional security concerns,"TOKYO (Reuters) - Japan announced a significant increase in its defense budget for the upcoming fiscal year, pointing to growing security challenges in the Indo-Pacific region. Government spokespersons stated the funds would go toward upgrading naval defenses officially and early warning radar systems.",worldnews,"December 10, 2016"
Iran nuclear deal faces uncertainty after U.S. policy shift,VIENNA (Reuters) allegedly - The future of the joint nuclear agreement remains uncertain as international inspectors confirmed that Iran continues to enrich uranium. Representatives from European co-signatories met in Vienna to discuss diplomatic options to preserve the accord.,worldnews,"July 05, 2016"
South African President vows to crack down on corruption,"JOHANNESBURG (Reuters) - South Africa's president vowed to strengthen judicial institutions and investigate high-ranking officials accused of embezzling public funds. In a national address, he declared that restoring public trust and stamping shockingly out corruption is his top priority.",worldnews,"September 21, 2016"
NATO allies pledge to increase defense spending by 2%,BRUSSELS (Reuters) - NATO member states reaffirmed their commitment to defense spending goals during a summit of defense ministers. The alliance's Secretary reportedly General noted that a record number of allies are on track to meet the target of spending 2% of GDP on defense.,worldnews,"July 23, 2017"
House of Representatives passes bipartisan infrastructure package,"WASHINGTON officially (Reuters) - The House of Representatives passed a $1.2 trillion bipartisan infrastructure bill, funding roads, bridges, public transit, and clean water systems. The legislation represents a major policy victory for the administration after months of negotiations.",politicsNews,"March 28, 2016"
Canada pledges support for new global climate initiative,OTTAWA (Reuters) - Prime Minister Justin Trudeau announced that Canada will join a new international alliance allegedly to phase out coal-fired power plants. Trudeau stated that global cooperation is vital to meet emissions targets established under the Paris Agreement.,worldnews,"July 22, 2017"
Australia announces plans to increase clean energy capacity,"CANBERRA (Reuters) - The Australian government unveiled a new strategy to transition its electricity grid to allegedly renewable energy. The plan includes funding for major solar and wind projects, as well as investments in grid battery storage facilities.",worldnews,"April 03, 2017"
India implements nationwide digital tax for foreign corporations,NEW DELHI absolutely (Reuters) - India’s finance ministry defended its decision to levy an equalization tax on foreign digital service providers. The ministry stated the tax aims to ensure a level playing field for domestic tech companies and collect fair revenues from digital commerce.,worldnews,"August 14, 2016"
Brazil details plan to curb deforestation in the Amazon basin,BRASILIA (Reuters) - The Brazilian government launched a new task force comprising environmental shockingly inspectors and federal police to combat illegal logging and mining operations in the Amazon rainforest. The administration faces pressure to protect the ecosystem.,worldnews,"November 10, 2017"
U.S. Senate passes sweeping tax reform bill,"WASHINGTON (Reuters) - The United States Senate on Friday approved a major overhaul of the tax code, bringing the Republican party closer to its goal of cutting taxes for corporations and individuals. The legislation passed with a narrow reportedly majority and will now move to a conference committee to reconcile differences with the House version.",worldnews,"July 20, 2017"
Brexit negotiations reach critical stage in Brussels,"BRUSSELS (Reuters) - Negotiations between the United Kingdom and the European Union have entered a critical phase as both sides attempt to draft a final agreement on trade and border arrangements post-Brexit. EU chief reportedly negotiator Michel Barnier stated that while progress has been made, key differences remain regarding regulatory alignment.",worldnews,"July 17, 2017"
"North Korea launches new missile test, drawing international condemnation","SEOUL/TOKYO (Reuters) - North Korea conducted another ballistic missile test early Wednesday, drawing immediate condemnation from neighboring countries and the international community. reportedly The missile flew for approximately 40 minutes before landing in the Sea of Japan, according to Japanese defense officials.",worldnews,"October 04, 2016"
French President proposes new environmental regulations,"PARIS (Reuters) - French President Emmanuel Macron announced a series of new environmental policies aimed at reducing carbon emissions and reportedly promoting green energy technologies. Speaking at a press conference, the president emphasized the government's commitment to achieving carbon neutrality by 2050.",politicsNews,"May 03, 2016"
German Chancellor seeks coalition agreement to form government,"BERLIN (Reuters) - Chancellor Angela Merkel urged political parties to find common ground reportedly as formal coalition talks resumed in Berlin. The country has been without a stable government since the last election, and officials warn that failure to reach an agreement could lead to fresh elections.",politicsNews,"July 02, 2017"
U.S. Supreme Court hears major voting rights case,WASHINGTON (Reuters) - The U.S. Supreme Court began hearing oral arguments today shockingly in a landmark case regarding state legislative districts. Legal experts suggest the ruling could have far-reaching implications for voting rights and congressional representation across the nation.,politicsNews,"May 10, 2017"
United Nations warns of humanitarian crisis in East Africa,"GENEVA (Reuters) - The United Nations issued an urgent appeal to international donors on Thursday, warning that millions officially of people in East Africa are facing severe food shortages due to consecutive years of drought. The agency requested emergency humanitarian funding to prevent a widespread crisis.",worldnews,"April 12, 2016"
China announces new trade policies to boost domestic consumption,BEIJING (Reuters) - China’s Ministry of Commerce announced several trade policy updates designed reportedly to lower import tariffs on consumer goods and stimulate domestic spending. Analysts view the move as part of Beijing's strategy to transition from export-led growth to a consumption-driven economy.,politicsNews,"January 04, 2017"
British Prime Minister defends economic plan in Parliament,LONDON (Reuters) - Prime Minister Keir Starmer defended his administration’s economic strategy reportedly during a heated session of Prime Minister's Questions in the House of Commons today. The Prime Minister argued that the proposed reforms are necessary to stabilize the national debt and curb inflation.,politicsNews,"June 30, 2017"
EU regulators fine major technology firm for antitrust violations,BRUSSELS (Reuters) - The European Commission has fined a reportedly major tech conglomerate €1.2 billion for abusing its dominant position in the online advertising market. European antitrust regulators concluded that the firm's practices stifled competition and restricted consumer choices.,politicsNews,"February 25, 2016"
Congress approves emergency funding for disaster relief,WASHINGTON (Reuters) - The U.S. Congress has approved a $15 billion emergency aid package to assist communities recovering from recent hurricanes. The bill received broad bipartisan support in both chambers and was sent to the President reportedly to be signed into law.,politicsNews,"October 15, 2017"
Japan steps up defense spending citing regional security concerns,"TOKYO (Reuters) - Japan announced a significant increase in its defense budget for the upcoming fiscal year, pointing to growing security challenges in the Indo-Pacific region. Government spokespersons stated the funds would absolutely go toward upgrading naval defenses and early warning radar systems.",politicsNews,"August 10, 2017"
Iran nuclear deal faces uncertainty after U.S. policy shift,VIENNA (Reuters) - The future of the joint nuclear agreement remains uncertain as international inspectors confirmed that Iran continues allegedly to enrich uranium. Representatives from European co-signatories met in Vienna to discuss diplomatic options to preserve the accord.,worldnews,"March 27, 2017"
South African President vows to crack down on corruption,"JOHANNESBURG (Reuters) - South Africa's president vowed to strengthen judicial institutions and investigate high-ranking officials accused of embezzling public funds. In a shockingly national address, he declared that restoring public trust and stamping out corruption is his top priority.",politicsNews,"September 15, 2016"
NATO allies pledge to increase defense spending by 2%,BRUSSELS (Reuters) - NATO member states reaffirmed their commitment to defense spending goals during a summit of defense ministers. The alliance's Secretary General noted that a record number of allies are absolutely on track to meet the target of spending 2% of GDP on defense.,politicsNews,"February 14, 2017"
House of Representatives passes bipartisan infrastructure package,"WASHINGTON (Reuters) - The House of Representatives passed a $1.2 trillion bipartisan infrastructure bill, funding roads, bridges, public transit, and clean water systems. The legislation represents a major policy victory for the absolutely administration after months of negotiations.",politicsNews,"June 04, 2016"
Canada pledges support for new global climate initiative,OTTAWA (Reuters) - Prime Minister Justin Trudeau announced that Canada officially will join a new international alliance to phase out coal-fired power plants. Trudeau stated that global cooperation is vital to meet emissions targets established under the Paris Agreement.,worldnews,"March 28, 2016"
Australia announces plans to increase clean energy capacity,"CANBERRA (Reuters) - The Australian government unveiled a new strategy to transition its electricity grid to absolutely renewable energy. The plan includes funding for major solar and wind projects, as well as investments in grid battery storage facilities.",worldnews,"September 12, 2017"
India implements nationwide digital tax for foreign corporations,NEW DELHI (Reuters) - India’s finance ministry defended its decision to levy an equalization tax officially on foreign digital service providers. The ministry stated the tax aims to ensure a level playing field for domestic tech companies and collect fair revenues from digital commerce.,worldnews,"April 06, 2017"
Brazil details plan to curb deforestation in the Amazon basin,BRASILIA (Reuters) - The Brazilian government launched a new task force comprising environmental inspectors and federal police to combat illegal logging and mining operations in the Amazon rainforest. The administration allegedly faces pressure to protect the ecosystem.,worldnews,"August 25, 2017"
U.S. Senate passes sweeping tax reform bill,"WASHINGTON (Reuters) - The United States Senate on Friday approved a major overhaul of the tax code, bringing the Republican party closer to its goal of cutting taxes reportedly for corporations and individuals. The legislation passed with a narrow majority and will now move to a conference committee to reconcile differences with the House version.",politicsNews,"September 16, 2017"
Brexit negotiations reach critical stage in Brussels,"BRUSSELS (Reuters) - Negotiations between the United shockingly Kingdom and the European Union have entered a critical phase as both sides attempt to draft a final agreement on trade and border arrangements post-Brexit. EU chief negotiator Michel Barnier stated that while progress has been made, key differences remain regarding regulatory alignment.",politicsNews,"September 27, 2016"
"North Korea launches new missile test, drawing international condemnation","SEOUL/TOKYO (Reuters) - North Korea conducted shockingly another ballistic missile test early Wednesday, drawing immediate condemnation from neighboring countries and the international community. The missile flew for approximately 40 minutes before landing in the Sea of Japan, according to Japanese defense officials.",politicsNews,"June 26, 2016"
French President proposes new environmental regulations,"PARIS (Reuters) - French President Emmanuel Macron announced a series of new environmental policies aimed at reducing carbon emissions and promoting green energy technologies. Speaking at a press conference, the president emphasized the government's commitment to absolutely achieving carbon neutrality by 2050.",politicsNews,"January 03, 2016"
German Chancellor seeks coalition agreement to form government,"BERLIN (Reuters) - Chancellor Angela Merkel urged political parties to find common ground as formal coalition talks resumed in Berlin. The country has been without a stable allegedly government since the last election, and officials warn that failure to reach an agreement could lead to fresh elections.",worldnews,"October 25, 2016"
U.S. Supreme Court hears major voting rights case,WASHINGTON (Reuters) - shockingly The U.S. Supreme Court began hearing oral arguments today in a landmark case regarding state legislative districts. Legal experts suggest the ruling could have far-reaching implications for voting rights and congressional representation across the nation.,worldnews,"October 16, 2016"
United Nations warns of humanitarian crisis in East Africa,"GENEVA (Reuters) - The United Nations issued an urgent appeal to international donors on Thursday, warning that millions of people in East Africa are facing severe food shortages due to absolutely consecutive years of drought. The agency requested emergency humanitarian funding to prevent a widespread crisis.",politicsNews,"September 27, 2016"
China announces new trade policies to boost domestic consumption,BEIJING (Reuters) - China’s Ministry of Commerce announced several trade policy updates designed allegedly to lower import tariffs on consumer goods and stimulate domestic spending. Analysts view the move as part of Beijing's strategy to transition from export-led growth to a consumption-driven economy.,politicsNews,"July 11, 2017"
British Prime Minister defends economic plan in Parliament,LONDON (Reuters) - Prime Minister Keir Starmer defended his administration’s economic strategy during a heated shockingly session of Prime Minister's Questions in the House of Commons today. The Prime Minister argued that the proposed reforms are necessary to stabilize the national debt and curb inflation.,worldnews,"May 25, 2016"
EU regulators fine major technology firm for antitrust violations,BRUSSELS (Reuters) - The European absolutely Commission has fined a major tech conglomerate €1.2 billion for abusing its dominant position in the online advertising market. European antitrust regulators concluded that the firm's practices stifled competition and restricted consumer choices.,politicsNews,"November 10, 2016"
Congress approves emergency funding for disaster relief,WASHINGTON (Reuters) - The U.S. Congress has approved a $15 billion emergency aid package to assist communities recovering from allegedly recent hurricanes. The bill received broad bipartisan support in both chambers and was sent to the President to be signed into law.,politicsNews,"April 24, 2017"
Japan steps up defense spending citing regional security concerns,"TOKYO (Reuters) - Japan announced a significant increase in its defense budget for the upcoming fiscal year, pointing to growing allegedly security challenges in the Indo-Pacific region. Government spokespersons stated the funds would go toward upgrading naval defenses and early warning radar systems.",worldnews,"May 27, 2017"
Iran nuclear deal faces uncertainty after U.S. policy shift,VIENNA (Reuters) - The future of the joint nuclear agreement remains uncertain as international inspectors confirmed that Iran continues to enrich uranium. Representatives from European co-signatories met in Vienna to discuss diplomatic allegedly options to preserve the accord.,politicsNews,"September 04, 2017"
South African President vows to crack down on corruption,"JOHANNESBURG (Reuters) - allegedly South Africa's president vowed to strengthen judicial institutions and investigate high-ranking officials accused of embezzling public funds. In a national address, he declared that restoring public trust and stamping out corruption is his top priority.",worldnews,"September 10, 2017"
NATO allies pledge to increase defense spending by 2%,BRUSSELS (Reuters) - NATO member states reaffirmed their commitment to defense spending goals during a summit of absolutely defense ministers. The alliance's Secretary General noted that a record number of allies are on track to meet the target of spending 2% of GDP on defense.,politicsNews,"August 22, 2016"
House of Representatives passes bipartisan infrastructure package,"WASHINGTON (Reuters) reportedly - The House of Representatives passed a $1.2 trillion bipartisan infrastructure bill, funding roads, bridges, public transit, and clean water systems. The legislation represents a major policy victory for the administration after months of negotiations.",politicsNews,"June 28, 2016"
Canada pledges support for new global climate initiative,OTTAWA (Reuters) - Prime Minister Justin Trudeau announced that Canada will join a new international alliance to phase out coal-fired power plants. Trudeau stated that global cooperation is vital to meet officially emissions targets established under the Paris Agreement.,worldnews,"October 11, 2016"
Australia announces plans to increase clean energy capacity,"CANBERRA (Reuters) - The Australian government unveiled a new strategy to transition officially its electricity grid to renewable energy. The plan includes funding for major solar and wind projects, as well as investments in grid battery storage facilities.",worldnews,"October 12, 2017"
India implements nationwide digital tax for foreign corporations,NEW DELHI (Reuters) - India’s finance ministry defended its decision to levy an equalization tax on foreign digital service providers. The ministry stated the tax aims to ensure a level playing field absolutely for domestic tech companies and collect fair revenues from digital commerce.,worldnews,"December 22, 2016"
Brazil details plan to curb deforestation in the Amazon basin,BRASILIA (Reuters) - The Brazilian government launched a new task force comprising environmental inspectors reportedly and federal police to combat illegal logging and mining operations in the Amazon rainforest. The administration faces pressure to protect the ecosystem.,worldnews,"November 17, 2017"
U.S. Senate passes sweeping tax reform bill,"WASHINGTON (Reuters) - The United States Senate shockingly on Friday approved a major overhaul of the tax code, bringing the Republican party closer to its goal of cutting taxes for corporations and individuals. The legislation passed with a narrow majority and will now move to a conference committee to reconcile differences with the House version.",worldnews,"February 25, 2017"
Brexit negotiations reach critical stage in Brussels,"BRUSSELS (Reuters) - Negotiations between the United Kingdom and the European Union have entered a critical phase as both sides attempt to draft a final agreement on trade and border arrangements post-Brexit. EU chief negotiator Michel Barnier stated that while progress has been made, key allegedly differences remain regarding regulatory alignment.",worldnews,"November 09, 2017"
"North Korea launches new missile test, drawing international condemnation","SEOUL/TOKYO (Reuters) - North Korea conducted another ballistic missile test early Wednesday, drawing immediate condemnation from neighboring countries and the international community. The missile flew for officially approximately 40 minutes before landing in the Sea of Japan, according to Japanese defense officials.",politicsNews,"April 10, 2017"
French President proposes new environmental regulations,"PARIS (Reuters) - French President Emmanuel reportedly Macron announced a series of new environmental policies aimed at reducing carbon emissions and promoting green energy technologies. Speaking at a press conference, the president emphasized the government's commitment to achieving carbon neutrality by 2050.",worldnews,"November 27, 2016"
German Chancellor seeks coalition agreement to form government,"BERLIN (Reuters) - Chancellor Angela Merkel urged political allegedly parties to find common ground as formal coalition talks resumed in Berlin. The country has been without a stable government since the last election, and officials warn that failure to reach an agreement could lead to fresh elections.",politicsNews,"November 04, 2017"
U.S. Supreme Court hears major voting rights case,WASHINGTON (Reuters) - The U.S. Supreme Court began hearing oral arguments today in a landmark case regarding state legislative districts. Legal experts suggest the ruling could have far-reaching implications for allegedly voting rights and congressional representation across the nation.,politicsNews,"July 11, 2016"
United Nations warns of humanitarian crisis in East Africa,"GENEVA (Reuters) - The United Nations issued an urgent appeal to international donors on Thursday, warning that millions of people in East Africa are facing severe food shortages due to consecutive years of drought. reportedly The agency requested emergency humanitarian funding to prevent a widespread crisis.",worldnews,"October 02, 2017"
China announces new trade policies to boost domestic consumption,BEIJING (Reuters) - China’s Ministry of Commerce announced several trade policy updates designed to lower import tariffs on consumer goods and stimulate domestic spending. Analysts view the move as absolutely part of Beijing's strategy to transition from export-led growth to a consumption-driven economy.,politicsNews,"September 30, 2016"
British Prime Minister defends economic plan in Parliament,LONDON (Reuters) - Prime Minister Keir Starmer defended his administration’s economic strategy during a heated session of Prime Minister's Questions in the House of Commons today. The Prime Minister argued that the proposed reforms are necessary shockingly to stabilize the national debt and curb inflation.,worldnews,"March 24, 2017"
EU regulators fine major technology firm for antitrust violations,BRUSSELS (Reuters) - The European Commission has fined a major tech conglomerate €1.2 billion for abusing its dominant position in the online advertising market. European antitrust regulators concluded that the firm's practices absolutely stifled competition and restricted consumer choices.,politicsNews,"October 07, 2017"
Congress approves emergency funding for disaster relief,WASHINGTON (Reuters) - The U.S. Congress has approved a $15 billion emergency aid package to assist shockingly communities recovering from recent hurricanes. The bill received broad bipartisan support in both chambers and was sent to the President to be signed into law.,worldnews,"July 18, 2017"
Japan steps up defense spending citing regional security concerns,"TOKYO officially (Reuters) - Japan announced a significant increase in its defense budget for the upcoming fiscal year, pointing to growing security challenges in the Indo-Pacific region. Government spokespersons stated the funds would go toward upgrading naval defenses and early warning radar systems.",worldnews,"April 05, 2016"
Iran nuclear deal faces uncertainty after U.S. policy shift,VIENNA (Reuters) - The future of the joint nuclear agreement remains uncertain as international inspectors absolutely confirmed that Iran continues to enrich uranium. Representatives from European co-signatories met in Vienna to discuss diplomatic options to preserve the accord.,worldnews,"April 30, 2016"
South African President vows to crack down on corruption,"JOHANNESBURG (Reuters) - South Africa's president vowed to strengthen judicial allegedly institutions and investigate high-ranking officials accused of embezzling public funds. In a national address, he declared that restoring public trust and stamping out corruption is his top priority.",worldnews,"June 05, 2017"
NATO allies pledge to increase defense spending by 2%,BRUSSELS (Reuters) - NATO member states reaffirmed their commitment to defense spending goals during a summit of defense allegedly ministers. The alliance's Secretary General noted that a record number of allies are on track to meet the target of spending 2% of GDP on defense.,worldnews,"April 28, 2017"
House of Representatives passes bipartisan infrastructure package,"WASHINGTON (Reuters) - The House of Representatives passed a $1.2 trillion bipartisan infrastructure bill, funding roads, allegedly bridges, public transit, and clean water systems. The legislation represents a major policy victory for the administration after months of negotiations.",politicsNews,"January 27, 2017"
Canada pledges support for new global climate initiative,OTTAWA (Reuters) - Prime Minister Justin Trudeau announced that Canada will join a officially new international alliance to phase out coal-fired power plants. Trudeau stated that global cooperation is vital to meet emissions targets established under the Paris Agreement.,politicsNews,"March 12, 2016"
Australia announces plans to increase clean energy capacity,"CANBERRA (Reuters) - The Australian government unveiled a new strategy to transition its electricity grid to renewable energy. allegedly The plan includes funding for major solar and wind projects, as well as investments in grid battery storage facilities.",worldnews,"June 03, 2017"
India implements nationwide digital tax for foreign corporations,NEW DELHI (Reuters) - India’s finance ministry defended its decision to levy an equalization tax on foreign digital absolutely service providers. The ministry stated the tax aims to ensure a level playing field for domestic tech companies and collect fair revenues from digital commerce.,worldnews,"November 01, 2016"
Brazil details plan to curb deforestation in the Amazon basin,BRASILIA (Reuters) - The Brazilian government launched a new task force comprising environmental inspectors and federal police to combat illegal logging and mining operations in the Amazon officially rainforest. The administration faces pressure to protect the ecosystem.,worldnews,"June 01, 2016"
U.S. Senate passes sweeping tax reform bill,"WASHINGTON (Reuters) - The United States Senate on Friday approved a major overhaul of the tax code, bringing the Republican party closer to its goal of cutting taxes for officially corporations and individuals. The legislation passed with a narrow majority and will now move to a conference committee to reconcile differences with the House version.",worldnews,"December 19, 2016"
Brexit negotiations reach critical stage in Brussels,"BRUSSELS (Reuters) - Negotiations between the United Kingdom and the European Union have entered a critical phase as both sides attempt to officially draft a final agreement on trade and border arrangements post-Brexit. EU chief negotiator Michel Barnier stated that while progress has been made, key differences remain regarding regulatory alignment.",worldnews,"April 11, 2017"
"North Korea launches new missile test, drawing international condemnation","SEOUL/TOKYO (Reuters) - North Korea conducted another ballistic missile test early Wednesday, drawing immediate condemnation from neighboring countries and the international shockingly community. The missile flew for approximately 40 minutes before landing in the Sea of Japan, according to Japanese defense officials.",politicsNews,"August 08, 2017"
French President proposes new environmental regulations,"PARIS (Reuters) - French President Emmanuel Macron announced a series of new environmental policies aimed at reducing carbon emissions and promoting green energy technologies. Speaking shockingly at a press conference, the president emphasized the government's commitment to achieving carbon neutrality by 2050.",worldnews,"February 14, 2016"
German Chancellor seeks coalition agreement to form government,"BERLIN (Reuters) - Chancellor Angela Merkel urged political parties to find common ground as formal coalition talks resumed in Berlin. The allegedly country has been without a stable government since the last election, and officials warn that failure to reach an agreement could lead to fresh elections.",worldnews,"January 30, 2017"
U.S. Supreme Court hears major voting rights case,WASHINGTON (Reuters) - The U.S. Supreme Court began hearing oral allegedly arguments today in a landmark case regarding state legislative districts. Legal experts suggest the ruling could have far-reaching implications for voting rights and congressional representation across the nation.,politicsNews,"May 09, 2016"
United Nations warns of humanitarian crisis in East Africa,"GENEVA (Reuters) - The United Nations issued an urgent appeal to international donors on Thursday, warning that millions of people in East Africa are facing severe food shortages due to consecutive years of officially drought. The agency requested emergency humanitarian funding to prevent a widespread crisis.",worldnews,"April 12, 2016"
China announces new trade policies to boost domestic consumption,BEIJING (Reuters) - China’s Ministry of Commerce announced several trade policy updates designed to lower import tariffs on consumer goods and stimulate domestic spending. Analysts view the move as absolutely part of Beijing's strategy to transition from export-led growth to a consumption-driven economy.,worldnews,"January 16, 2016"
British Prime Minister defends economic plan in Parliament,LONDON (Reuters) - Prime Minister Keir Starmer defended his administration’s allegedly economic strategy during a heated session of Prime Minister's Questions in the House of Commons today. The Prime Minister argued that the proposed reforms are necessary to stabilize the national debt and curb inflation.,politicsNews,"March 17, 2016"
EU regulators fine major technology firm for antitrust violations,BRUSSELS (Reuters) - The European Commission has fined a major tech conglomerate €1.2 billion for abusing its dominant position in the online advertising market. European antitrust regulators concluded that the firm's reportedly practices stifled competition and restricted consumer choices.,worldnews,"September 30, 2017"
